"		瘤痢锅龋",瘤痢疙,老矫,乞闭嚼档(%rh),弥历嚼档(%rh)
"		192",柳林,2016-01-01,69.4,32
"		192",柳林,2016-01-02,76.3,49
"		192",柳林,2016-01-03,77.4,44
"		192",柳林,2016-01-04,64.8,18
"		192",柳林,2016-01-05,70.6,43
"		192",柳林,2016-01-06,52.8,28
"		192",柳林,2016-01-07,57.5,28
"		192",柳林,2016-01-08,57.8,26
"		192",柳林,2016-01-09,62.4,28
"		192",柳林,2016-01-10,61.3,24
"		192",柳林,2016-01-11,45,14
"		192",柳林,2016-01-12,33.6,7
"		192",柳林,2016-01-13,59.6,31
"		192",柳林,2016-01-14,60.9,29
"		192",柳林,2016-01-15,63,29
"		192",柳林,2016-01-16,63.6,35
"		192",柳林,2016-01-17,71.1,43
"		192",柳林,2016-01-18,53,30
"		192",柳林,2016-01-19,32,23
"		192",柳林,2016-01-20,37.6,17
"		192",柳林,2016-01-21,33.9,12
"		192",柳林,2016-01-22,26.8,10
"		192",柳林,2016-01-23,27.9,13
"		192",柳林,2016-01-24,45.1,23
"		192",柳林,2016-01-25,56.1,27
"		192",柳林,2016-01-26,60.6,28
"		192",柳林,2016-01-27,63.1,28
"		192",柳林,2016-01-28,69.5,37
"		192",柳林,2016-01-29,83.5,80
"		192",柳林,2016-01-30,75.1,60
"		192",柳林,2016-01-31,56.3,27
"		192",柳林,2016-02-01,43.9,17
"		192",柳林,2016-02-02,47.5,13
"		192",柳林,2016-02-03,57.1,20
"		192",柳林,2016-02-04,53.4,20
"		192",柳林,2016-02-05,44.4,10
"		192",柳林,2016-02-06,48.3,23
"		192",柳林,2016-02-07,50.9,21
"		192",柳林,2016-02-08,47.6,20
"		192",柳林,2016-02-09,26.1,11
"		192",柳林,2016-02-10,47.5,10
"		192",柳林,2016-02-11,57.1,35
"		192",柳林,2016-02-12,88,71
"		192",柳林,2016-02-13,90.5,84
"		192",柳林,2016-02-14,53.6,34
"		192",柳林,2016-02-15,38.4,18
"		192",柳林,2016-02-16,59.6,30
"		192",柳林,2016-02-17,49.8,18
"		192",柳林,2016-02-18,61.8,32
"		192",柳林,2016-02-19,58.9,19
"		192",柳林,2016-02-20,42.9,15
"		192",柳林,2016-02-21,35.8,17
"		192",柳林,2016-02-22,45.5,27
"		192",柳林,2016-02-23,39.5,17
"		192",柳林,2016-02-24,29.9,12
"		192",柳林,2016-02-25,32.8,13
"		192",柳林,2016-02-26,61,39
"		192",柳林,2016-02-27,49.8,15
"		192",柳林,2016-02-28,67.1,45
"		192",柳林,2016-02-29,43.8,30
"		192",柳林,2016-03-01,44,17
"		192",柳林,2016-03-02,49.6,20
"		192",柳林,2016-03-03,61.9,28
"		192",柳林,2016-03-04,88.4,74
"		192",柳林,2016-03-05,87.6,76
"		192",柳林,2016-03-06,81.5,48
"		192",柳林,2016-03-07,67.8,46
"		192",柳林,2016-03-08,65.1,26
"		192",柳林,2016-03-09,56.6,21
"		192",柳林,2016-03-10,33,11
"		192",柳林,2016-03-11,34.1,14
"		192",柳林,2016-03-12,43.9,15
"		192",柳林,2016-03-13,51.3,30
"		192",柳林,2016-03-14,50.5,22
"		192",柳林,2016-03-15,49.1,16
"		192",柳林,2016-03-16,53.1,20
"		192",柳林,2016-03-17,55.3,16
"		192",柳林,2016-03-18,89.3,65
"		192",柳林,2016-03-19,71.5,40
"		192",柳林,2016-03-20,68.3,47
"		192",柳林,2016-03-21,62.5,29
"		192",柳林,2016-03-22,64.5,21
"		192",柳林,2016-03-23,52.3,22
"		192",柳林,2016-03-24,45.6,25
"		192",柳林,2016-03-25,70.8,43
"		192",柳林,2016-03-26,56.1,18
"		192",柳林,2016-03-27,53.4,17
"		192",柳林,2016-03-28,49.9,13
"		192",柳林,2016-03-29,60,34
"		192",柳林,2016-03-30,53.6,15
"		192",柳林,2016-03-31,61.9,16
"		192",柳林,2016-04-01,57.3,12
"		192",柳林,2016-04-02,68.8,42
"		192",柳林,2016-04-03,86.6,79
"		192",柳林,2016-04-04,81.9,65
"		192",柳林,2016-04-05,66.8,24
"		192",柳林,2016-04-06,64.9,18
"		192",柳林,2016-04-07,82.5,61
"		192",柳林,2016-04-08,60.3,20
"		192",柳林,2016-04-09,55.8,19
"		192",柳林,2016-04-10,62.9,28
"		192",柳林,2016-04-11,66,55
"		192",柳林,2016-04-12,58.6,25
"		192",柳林,2016-04-13,90.3,87
"		192",柳林,2016-04-14,57.6,13
"		192",柳林,2016-04-15,59.3,31
"		192",柳林,2016-04-16,78.5,47
"		192",柳林,2016-04-17,44.1,23
"		192",柳林,2016-04-18,43,19
"		192",柳林,2016-04-19,46.5,19
"		192",柳林,2016-04-20,58.8,17
"		192",柳林,2016-04-21,89,70
"		192",柳林,2016-04-22,70.9,37
"		192",柳林,2016-04-23,56.3,19
"		192",柳林,2016-04-24,54.9,13
"		192",柳林,2016-04-25,51.6,16
"		192",柳林,2016-04-26,61.4,30
"		192",柳林,2016-04-27,84.5,79
"		192",柳林,2016-04-28,77.1,48
"		192",柳林,2016-04-29,63.3,17
"		192",柳林,2016-04-30,57.5,28
"		192",柳林,2016-05-01,61.5,28
"		192",柳林,2016-05-02,74.8,59
"		192",柳林,2016-05-03,66.6,41
"		192",柳林,2016-05-04,32.4,9
"		192",柳林,2016-05-05,47.8,12
"		192",柳林,2016-05-06,85.1,64
"		192",柳林,2016-05-07,50.4,19
"		192",柳林,2016-05-08,52.1,22
"		192",柳林,2016-05-09,54.9,32
"		192",柳林,2016-05-10,86,63
"		192",柳林,2016-05-11,72.3,45
"		192",柳林,2016-05-12,63.4,27
"		192",柳林,2016-05-13,71.8,40
"		192",柳林,2016-05-14,63.3,31
"		192",柳林,2016-05-15,79.9,67
"		192",柳林,2016-05-16,58.1,21
"		192",柳林,2016-05-17,53.8,19
"		192",柳林,2016-05-18,56.8,11
"		192",柳林,2016-05-19,58.6,14
"		192",柳林,2016-05-20,55.4,21
"		192",柳林,2016-05-21,54,12
"		192",柳林,2016-05-22,51.8,16
"		192",柳林,2016-05-23,56.8,25
"		192",柳林,2016-05-24,86.5,65
"		192",柳林,2016-05-25,68.1,37
"		192",柳林,2016-05-26,64.9,31
"		192",柳林,2016-05-27,56.8,25
"		192",柳林,2016-05-28,66.3,30
"		192",柳林,2016-05-29,74.1,40
"		192",柳林,2016-05-30,58.9,18
"		192",柳林,2016-05-31,62.4,22
"		192",柳林,2016-06-01,57.4,26
"		192",柳林,2016-06-02,56,20
"		192",柳林,2016-06-03,54.5,26
"		192",柳林,2016-06-04,80.8,55
"		192",柳林,2016-06-05,60.9,36
"		192",柳林,2016-06-06,80.3,61
"		192",柳林,2016-06-07,76.9,51
"		192",柳林,2016-06-08,80,64
"		192",柳林,2016-06-09,76.9,43
"		192",柳林,2016-06-10,71.5,46
"		192",柳林,2016-06-11,75.6,53
"		192",柳林,2016-06-12,84.4,68
"		192",柳林,2016-06-13,73.4,54
"		192",柳林,2016-06-14,70.4,43
"		192",柳林,2016-06-15,78.6,61
"		192",柳林,2016-06-16,65.6,39
"		192",柳林,2016-06-17,62.9,30
"		192",柳林,2016-06-18,70.3,27
"		192",柳林,2016-06-19,71,36
"		192",柳林,2016-06-20,84.6,67
"		192",柳林,2016-06-21,86,73
"		192",柳林,2016-06-22,88.3,83
"		192",柳林,2016-06-23,71.6,49
"		192",柳林,2016-06-24,79.9,60
"		192",柳林,2016-06-25,57.8,27
"		192",柳林,2016-06-26,62,31
"		192",柳林,2016-06-27,81.8,61
"		192",柳林,2016-06-28,73,47
"		192",柳林,2016-06-29,78.4,61
"		192",柳林,2016-06-30,78.3,58
"		192",柳林,2016-07-01,84.6,79
"		192",柳林,2016-07-02,84.6,72
"		192",柳林,2016-07-03,89.8,80
"		192",柳林,2016-07-04,88.3,75
"		192",柳林,2016-07-05,80.9,66
"		192",柳林,2016-07-06,78.6,60
"		192",柳林,2016-07-07,78.1,56
"		192",柳林,2016-07-08,74.9,52
"		192",柳林,2016-07-09,74.1,43
"		192",柳林,2016-07-10,76.4,53
"		192",柳林,2016-07-11,84.9,65
"		192",柳林,2016-07-12,86.8,75
"		192",柳林,2016-07-13,80.1,57
"		192",柳林,2016-07-14,67.1,36
"		192",柳林,2016-07-15,64.9,40
"		192",柳林,2016-07-16,86.4,68
"		192",柳林,2016-07-17,73.9,49
"		192",柳林,2016-07-18,72.6,48
"		192",柳林,2016-07-19,74.5,49
"		192",柳林,2016-07-20,67.8,49
"		192",柳林,2016-07-21,71.8,49
"		192",柳林,2016-07-22,75.5,56
"		192",柳林,2016-07-23,70.5,49
"		192",柳林,2016-07-24,74.3,54
"		192",柳林,2016-07-25,76.4,52
"		192",柳林,2016-07-26,74.5,57
"		192",柳林,2016-07-27,71.6,49
"		192",柳林,2016-07-28,73.6,58
"		192",柳林,2016-07-29,74.6,51
"		192",柳林,2016-07-30,69.9,42
"		192",柳林,2016-07-31,68,42
"		192",柳林,2016-08-01,73.9,45
"		192",柳林,2016-08-02,78.9,51
"		192",柳林,2016-08-03,78.3,50
"		192",柳林,2016-08-04,73.6,51
"		192",柳林,2016-08-05,69.8,43
"		192",柳林,2016-08-06,67.5,39
"		192",柳林,2016-08-07,69.8,41
"		192",柳林,2016-08-08,73,37
"		192",柳林,2016-08-09,73.8,50
"		192",柳林,2016-08-10,67,44
"		192",柳林,2016-08-11,67.1,34
"		192",柳林,2016-08-12,66.3,40
"		192",柳林,2016-08-13,64.4,40
"		192",柳林,2016-08-14,64.6,34
"		192",柳林,2016-08-15,76.6,45
"		192",柳林,2016-08-16,76,45
"		192",柳林,2016-08-17,78.3,44
"		192",柳林,2016-08-18,71.6,42
"		192",柳林,2016-08-19,68.9,38
"		192",柳林,2016-08-20,65,32
"		192",柳林,2016-08-21,63,35
"		192",柳林,2016-08-22,65.3,33
"		192",柳林,2016-08-23,73,51
"		192",柳林,2016-08-24,59,24
"		192",柳林,2016-08-25,69,41
"		192",柳林,2016-08-26,80.6,52
"		192",柳林,2016-08-27,57.4,34
"		192",柳林,2016-08-28,82.9,51
"		192",柳林,2016-08-29,61.1,30
"		192",柳林,2016-08-30,55.1,39
"		192",柳林,2016-08-31,43.6,22
"		192",柳林,2016-09-01,64.3,41
"		192",柳林,2016-09-02,89.8,76
"		192",柳林,2016-09-03,88.4,74
"		192",柳林,2016-09-04,86,58
"		192",柳林,2016-09-05,82.9,60
"		192",柳林,2016-09-06,81.4,62
"		192",柳林,2016-09-07,79.5,61
"		192",柳林,2016-09-08,68.1,39
"		192",柳林,2016-09-09,74,40
"		192",柳林,2016-09-10,78.4,55
"		192",柳林,2016-09-11,79.6,53
"		192",柳林,2016-09-12,84.9,60
"		192",柳林,2016-09-13,74.6,45
"		192",柳林,2016-09-14,77.3,46
"		192",柳林,2016-09-15,73.9,37
"		192",柳林,2016-09-16,86.1,77
"		192",柳林,2016-09-17,90,86
"		192",柳林,2016-09-18,85.1,78
"		192",柳林,2016-09-19,62.5,44
"		192",柳林,2016-09-20,57,35
"		192",柳林,2016-09-21,68.4,41
"		192",柳林,2016-09-22,75,52
"		192",柳林,2016-09-23,74.1,34
"		192",柳林,2016-09-24,73.3,32
"		192",柳林,2016-09-25,75.8,42
"		192",柳林,2016-09-26,82.4,58
"		192",柳林,2016-09-27,82,60
"		192",柳林,2016-09-28,90,79
"		192",柳林,2016-09-29,86.4,79
"		192",柳林,2016-09-30,88.5,82
"		192",柳林,2016-10-01,86.6,71
"		192",柳林,2016-10-02,86.4,67
"		192",柳林,2016-10-03,83.6,64
"		192",柳林,2016-10-04,72.1,46
"		192",柳林,2016-10-05,81.4,51
"		192",柳林,2016-10-06,68.5,22
"		192",柳林,2016-10-07,79.9,52
"		192",柳林,2016-10-08,85.6,51
"		192",柳林,2016-10-09,52.8,16
"		192",柳林,2016-10-10,69.9,39
"		192",柳林,2016-10-11,78.4,48
"		192",柳林,2016-10-12,69.9,30
"		192",柳林,2016-10-13,79.1,58
"		192",柳林,2016-10-14,72.1,27
"		192",柳林,2016-10-15,75.9,36
"		192",柳林,2016-10-16,90.8,87
"		192",柳林,2016-10-17,84.3,55
"		192",柳林,2016-10-18,78.6,54
"		192",柳林,2016-10-19,79.6,47
"		192",柳林,2016-10-20,78.1,48
"		192",柳林,2016-10-21,70.3,57
"		192",柳林,2016-10-22,72.3,51
"		192",柳林,2016-10-23,64.6,51
"		192",柳林,2016-10-24,63.4,42
"		192",柳林,2016-10-25,82.6,64
"		192",柳林,2016-10-26,77.6,53
"		192",柳林,2016-10-27,70.6,56
"		192",柳林,2016-10-28,81.4,57
"		192",柳林,2016-10-29,68.3,49
"		192",柳林,2016-10-30,64.8,22
"		192",柳林,2016-10-31,80.9,57
"		192",柳林,2016-11-01,50.9,16
"		192",柳林,2016-11-02,56.3,22
"		192",柳林,2016-11-03,73.1,35
"		192",柳林,2016-11-04,69,29
"		192",柳林,2016-11-05,77.9,39
"		192",柳林,2016-11-06,75.6,54
"		192",柳林,2016-11-07,71.9,44
"		192",柳林,2016-11-08,54.8,24
"		192",柳林,2016-11-09,46.9,25
"		192",柳林,2016-11-10,64.3,43
"		192",柳林,2016-11-11,69.5,28
"		192",柳林,2016-11-12,72.1,38
"		192",柳林,2016-11-13,80.6,63
"		192",柳林,2016-11-14,90.4,86
"		192",柳林,2016-11-15,56,12
"		192",柳林,2016-11-16,61,20
"		192",柳林,2016-11-17,61.9,30
"		192",柳林,2016-11-18,81.6,50
"		192",柳林,2016-11-19,89,71
"		192",柳林,2016-11-20,79.8,35
"		192",柳林,2016-11-21,82.6,59
"		192",柳林,2016-11-22,58.4,27
"		192",柳林,2016-11-23,32.9,23
"		192",柳林,2016-11-24,33.5,17
"		192",柳林,2016-11-25,50.3,29
"		192",柳林,2016-11-26,75.5,45
"		192",柳林,2016-11-27,73.4,42
"		192",柳林,2016-11-28,61.5,20
"		192",柳林,2016-11-29,56,20
"		192",柳林,2016-11-30,71,55
"		192",柳林,2016-12-01,59.1,23
"		192",柳林,2016-12-02,60.9,14
"		192",柳林,2016-12-03,63.1,19
"		192",柳林,2016-12-04,75.3,51
"		192",柳林,2016-12-05,76.1,50
"		192",柳林,2016-12-06,40,15
"		192",柳林,2016-12-07,68.4,38
"		192",柳林,2016-12-08,70.4,36
"		192",柳林,2016-12-09,49.9,20
"		192",柳林,2016-12-10,45.4,9
"		192",柳林,2016-12-11,47.3,15
"		192",柳林,2016-12-12,54.9,32
"		192",柳林,2016-12-13,64,43
"		192",柳林,2016-12-14,48.1,19
"		192",柳林,2016-12-15,47.6,20
"		192",柳林,2016-12-16,35.8,9
"		192",柳林,2016-12-17,62.6,26
"		192",柳林,2016-12-18,71.6,38
"		192",柳林,2016-12-19,86.6,69
"		192",柳林,2016-12-20,81.5,46
"		192",柳林,2016-12-21,87.5,72
"		192",柳林,2016-12-22,65.1,52
"		192",柳林,2016-12-23,49.4,34
"		192",柳林,2016-12-24,54.3,34
"		192",柳林,2016-12-25,73,44
"		192",柳林,2016-12-26,86,80
"		192",柳林,2016-12-27,47.8,23
"		192",柳林,2016-12-28,55.6,21
"		192",柳林,2016-12-29,47.5,22
"		192",柳林,2016-12-30,51.6,11
"		192",柳林,2016-12-31,65.3,30
"		192",柳林,2017-01-01,71.9,32
"		192",柳林,2017-01-02,72.8,36
"		192",柳林,2017-01-03,68.4,25
"		192",柳林,2017-01-04,71.9,37
"		192",柳林,2017-01-05,68.1,43
"		192",柳林,2017-01-06,60.5,37
"		192",柳林,2017-01-07,69.9,48
"		192",柳林,2017-01-08,76.4,46
"		192",柳林,2017-01-09,57.4,28
"		192",柳林,2017-01-10,55.8,22
"		192",柳林,2017-01-11,33,14
"		192",柳林,2017-01-12,55.3,29
"		192",柳林,2017-01-13,44.9,29
"		192",柳林,2017-01-14,34.3,15
"		192",柳林,2017-01-15,32.4,10
"		192",柳林,2017-01-16,39.8,11
"		192",柳林,2017-01-17,50,19
"		192",柳林,2017-01-18,49.4,27
"		192",柳林,2017-01-19,59.1,18
"		192",柳林,2017-01-20,50.1,27
"		192",柳林,2017-01-21,55.1,27
"		192",柳林,2017-01-22,42.4,22
"		192",柳林,2017-01-23,39.8,16
"		192",柳林,2017-01-24,44.1,13
"		192",柳林,2017-01-25,49,9
"		192",柳林,2017-01-26,45.8,14
"		192",柳林,2017-01-27,33.6,9
"		192",柳林,2017-01-28,45.1,10
"		192",柳林,2017-01-29,80.9,55
"		192",柳林,2017-01-30,47.9,23
"		192",柳林,2017-01-31,50.9,18
"		192",柳林,2017-02-01,34.6,16
"		192",柳林,2017-02-02,37.9,7
"		192",柳林,2017-02-03,48.8,13
"		192",柳林,2017-02-04,49.1,16
"		192",柳林,2017-02-05,67.3,40
"		192",柳林,2017-02-06,40.9,21
"		192",柳林,2017-02-07,49.8,15
"		192",柳林,2017-02-08,45.5,17
"		192",柳林,2017-02-09,31.5,20
"		192",柳林,2017-02-10,35.9,20
"		192",柳林,2017-02-11,37.4,24
"		192",柳林,2017-02-12,48.9,15
"		192",柳林,2017-02-13,50,17
"		192",柳林,2017-02-14,49.5,12
"		192",柳林,2017-02-15,49.6,14
"		192",柳林,2017-02-16,66.6,35
"		192",柳林,2017-02-17,44.1,16
"		192",柳林,2017-02-18,19.6,8
"		192",柳林,2017-02-19,50.6,18
"		192",柳林,2017-02-20,45.3,11
"		192",柳林,2017-02-21,48.3,16
"		192",柳林,2017-02-22,84.5,66
"		192",柳林,2017-02-23,42.6,23
"		192",柳林,2017-02-24,31.1,12
"		192",柳林,2017-02-25,49.6,13
"		192",柳林,2017-02-26,54.5,19
"		192",柳林,2017-02-27,60.1,24
"		192",柳林,2017-02-28,55.9,15
"		192",柳林,2017-03-01,61.3,19
"		192",柳林,2017-03-02,50.6,25
"		192",柳林,2017-03-03,48.6,13
"		192",柳林,2017-03-04,57.8,20
"		192",柳林,2017-03-05,59.4,20
"		192",柳林,2017-03-06,32.6,11
"		192",柳林,2017-03-07,35.4,16
"		192",柳林,2017-03-08,47.5,22
"		192",柳林,2017-03-09,37.5,13
"		192",柳林,2017-03-10,42,10
"		192",柳林,2017-03-11,41.9,11
"		192",柳林,2017-03-12,49.3,12
"		192",柳林,2017-03-13,47.8,8
"		192",柳林,2017-03-14,43.4,11
"		192",柳林,2017-03-15,43,13
"		192",柳林,2017-03-16,56,30
"		192",柳林,2017-03-17,49.5,12
"		192",柳林,2017-03-18,51.3,12
"		192",柳林,2017-03-19,53.8,12
"		192",柳林,2017-03-20,75.4,43
"		192",柳林,2017-03-21,54.4,13
"		192",柳林,2017-03-22,55.4,25
"		192",柳林,2017-03-23,49.4,13
"		192",柳林,2017-03-24,61.3,41
"		192",柳林,2017-03-25,85.1,79
"		192",柳林,2017-03-26,78.4,44
"		192",柳林,2017-03-27,60.8,24
"		192",柳林,2017-03-28,55.6,21
"		192",柳林,2017-03-29,86.6,72
"		192",柳林,2017-03-30,62.4,13
"		192",柳林,2017-03-31,69.9,45
"		192",柳林,2017-04-01,78.9,41
"		192",柳林,2017-04-02,58.8,14
"		192",柳林,2017-04-03,45.9,9
"		192",柳林,2017-04-04,43.5,9
"		192",柳林,2017-04-05,77.4,43
"		192",柳林,2017-04-06,86.4,80
"		192",柳林,2017-04-07,69.5,23
"		192",柳林,2017-04-08,62.6,19
"		192",柳林,2017-04-09,56.4,35
"		192",柳林,2017-04-10,45.3,20
"		192",柳林,2017-04-11,59,28
"		192",柳林,2017-04-12,23,8
"		192",柳林,2017-04-13,42.5,23
"		192",柳林,2017-04-14,49,27
"		192",柳林,2017-04-15,59.8,34
"		192",柳林,2017-04-16,62,14
"		192",柳林,2017-04-17,88.6,74
"		192",柳林,2017-04-18,60.4,22
"		192",柳林,2017-04-19,36.1,14
"		192",柳林,2017-04-20,52.6,24
"		192",柳林,2017-04-21,56.1,16
"		192",柳林,2017-04-22,68,30
"		192",柳林,2017-04-23,63.4,18
"		192",柳林,2017-04-24,59.9,18
"		192",柳林,2017-04-25,68.1,37
"		192",柳林,2017-04-26,71.6,43
"		192",柳林,2017-04-27,29.5,17
"		192",柳林,2017-04-28,38.8,12
"		192",柳林,2017-04-29,41,15
"		192",柳林,2017-04-30,45.6,26
"		192",柳林,2017-05-01,52.6,22
"		192",柳林,2017-05-02,49.6,20
"		192",柳林,2017-05-03,54.3,20
"		192",柳林,2017-05-04,61,31
"		192",柳林,2017-05-05,88.3,76
"		192",柳林,2017-05-06,41.9,12
"		192",柳林,2017-05-07,40.6,12
"		192",柳林,2017-05-08,50.3,25
"		192",柳林,2017-05-09,88,39
"		192",柳林,2017-05-10,74.8,44
"		192",柳林,2017-05-11,61.6,21
"		192",柳林,2017-05-12,85.4,66
"		192",柳林,2017-05-13,68.8,45
"		192",柳林,2017-05-14,42.9,12
"		192",柳林,2017-05-15,49,20
"		192",柳林,2017-05-16,60.6,27
"		192",柳林,2017-05-17,60.5,27
"		192",柳林,2017-05-18,58,22
"		192",柳林,2017-05-19,53.8,20
"		192",柳林,2017-05-20,52.6,23
"		192",柳林,2017-05-21,59.8,26
"		192",柳林,2017-05-22,56.6,19
"		192",柳林,2017-05-23,67.6,43
"		192",柳林,2017-05-24,73.9,50
"		192",柳林,2017-05-25,51.9,13
"		192",柳林,2017-05-26,43.8,20
"		192",柳林,2017-05-27,54.1,23
"		192",柳林,2017-05-28,58,29
"		192",柳林,2017-05-29,51.6,20
"		192",柳林,2017-05-30,51.6,17
"		192",柳林,2017-05-31,69.3,36
"		192",柳林,2017-06-01,58.1,25
"		192",柳林,2017-06-02,49.3,23
"		192",柳林,2017-06-03,47,18
"		192",柳林,2017-06-04,46.8,16
"		192",柳林,2017-06-05,50.5,18
"		192",柳林,2017-06-06,68.6,37
"		192",柳林,2017-06-07,72.3,53
"		192",柳林,2017-06-08,54.6,17
"		192",柳林,2017-06-09,49.6,17
"		192",柳林,2017-06-10,63.8,39
"		192",柳林,2017-06-11,59,39
"		192",柳林,2017-06-12,56.5,29
"		192",柳林,2017-06-13,65.8,31
"		192",柳林,2017-06-14,61.1,25
"		192",柳林,2017-06-15,48.8,19
"		192",柳林,2017-06-16,57.6,36
"		192",柳林,2017-06-17,54.4,26
"		192",柳林,2017-06-18,58,24
"		192",柳林,2017-06-19,54.5,27
"		192",柳林,2017-06-20,73.3,48
"		192",柳林,2017-06-21,66.6,35
"		192",柳林,2017-06-22,62.9,29
"		192",柳林,2017-06-23,62.9,36
"		192",柳林,2017-06-24,64.3,38
"		192",柳林,2017-06-25,71.5,53
"		192",柳林,2017-06-26,84.5,66
"		192",柳林,2017-06-27,70.1,44
"		192",柳林,2017-06-28,66.6,39
"		192",柳林,2017-06-29,78.8,59
"		192",柳林,2017-06-30,75.9,58
"		192",柳林,2017-07-01,74,48
"		192",柳林,2017-07-02,79.3,67
"		192",柳林,2017-07-03,72.6,61
"		192",柳林,2017-07-04,80.5,54
"		192",柳林,2017-07-05,81.8,48
"		192",柳林,2017-07-06,89.6,72
"		192",柳林,2017-07-07,90.4,72
"		192",柳林,2017-07-08,91.9,73
"		192",柳林,2017-07-09,84.3,64
"		192",柳林,2017-07-10,85.8,77
"		192",柳林,2017-07-11,78.5,69
"		192",柳林,2017-07-12,75.6,50
"		192",柳林,2017-07-13,78.3,55
"		192",柳林,2017-07-14,81.9,51
"		192",柳林,2017-07-15,80,61
"		192",柳林,2017-07-16,73.6,45
"		192",柳林,2017-07-17,83.1,56
"		192",柳林,2017-07-18,83.6,61
"		192",柳林,2017-07-19,73.5,45
"		192",柳林,2017-07-20,78.1,54
"		192",柳林,2017-07-21,73.5,44
"		192",柳林,2017-07-22,72.9,33
"		192",柳林,2017-07-23,78.5,56
"		192",柳林,2017-07-24,79.4,53
"		192",柳林,2017-07-25,87.4,60
"		192",柳林,2017-07-26,69.9,44
"		192",柳林,2017-07-27,64.1,34
"		192",柳林,2017-07-28,68,42
"		192",柳林,2017-07-29,80.9,66
"		192",柳林,2017-07-30,78.6,59
"		192",柳林,2017-07-31,87,63
"		192",柳林,2017-08-01,81.5,53
"		192",柳林,2017-08-02,81.5,54
"		192",柳林,2017-08-03,71.8,48
"		192",柳林,2017-08-04,71,49
"		192",柳林,2017-08-05,68.9,46
"		192",柳林,2017-08-06,62.5,38
"		192",柳林,2017-08-07,60.3,29
"		192",柳林,2017-08-08,70.5,49
"		192",柳林,2017-08-09,87,70
"		192",柳林,2017-08-10,72.4,45
"		192",柳林,2017-08-11,78.8,44
"		192",柳林,2017-08-12,76.3,52
"		192",柳林,2017-08-13,76.1,58
"		192",柳林,2017-08-14,96.6,93
"		192",柳林,2017-08-15,95.4,90
"		192",柳林,2017-08-16,85.5,58
"		192",柳林,2017-08-17,80,49
"		192",柳林,2017-08-18,77.4,50
"		192",柳林,2017-08-19,85.3,70
"		192",柳林,2017-08-20,91.3,69
"		192",柳林,2017-08-21,90.8,71
"		192",柳林,2017-08-22,88.8,67
"		192",柳林,2017-08-23,77.3,58
"		192",柳林,2017-08-24,68.3,55
"		192",柳林,2017-08-25,66.9,25
"		192",柳林,2017-08-26,54.5,12
"		192",柳林,2017-08-27,61.8,28
"		192",柳林,2017-08-28,71,46
"		192",柳林,2017-08-29,55.6,19
"		192",柳林,2017-08-30,45.8,25
"		192",柳林,2017-08-31,59.8,28
"		192",柳林,2017-09-01,50.8,30
"		192",柳林,2017-09-02,63,40
"		192",柳林,2017-09-03,61,29
"		192",柳林,2017-09-04,69.5,46
"		192",柳林,2017-09-05,76.3,61
"		192",柳林,2017-09-06,86.4,76
"		192",柳林,2017-09-07,81,61
"		192",柳林,2017-09-08,73.8,35
"		192",柳林,2017-09-09,70.8,32
"		192",柳林,2017-09-10,68.8,32
"		192",柳林,2017-09-11,87.5,75
"		192",柳林,2017-09-12,70.5,33
"		192",柳林,2017-09-13,62.9,25
"		192",柳林,2017-09-14,65.5,37
"		192",柳林,2017-09-15,58.8,36
"		192",柳林,2017-09-16,56.8,49
"		192",柳林,2017-09-17,65.9,52
"		192",柳林,2017-09-18,71,32
"		192",柳林,2017-09-19,70.6,43
"		192",柳林,2017-09-20,65.4,32
"		192",柳林,2017-09-21,70,37
"		192",柳林,2017-09-22,70,30
"		192",柳林,2017-09-23,69.3,35
"		192",柳林,2017-09-24,69.8,37
"		192",柳林,2017-09-25,72.5,34
"		192",柳林,2017-09-26,65,29
"		192",柳林,2017-09-27,81.5,68
"		192",柳林,2017-09-28,63,28
"		192",柳林,2017-09-29,58.3,20
"		192",柳林,2017-09-30,59.3,11
"		192",柳林,2017-10-01,81.1,59
"		192",柳林,2017-10-02,79.8,62
"		192",柳林,2017-10-03,75.6,41
"		192",柳林,2017-10-04,67,41
"		192",柳林,2017-10-05,68.6,53
"		192",柳林,2017-10-06,87.3,79
"		192",柳林,2017-10-07,82.4,55
"		192",柳林,2017-10-08,75.4,41
"		192",柳林,2017-10-09,75,44
"		192",柳林,2017-10-10,78.3,35
"		192",柳林,2017-10-11,72.8,53
"		192",柳林,2017-10-12,79.1,59
"		192",柳林,2017-10-13,58.9,23
"		192",柳林,2017-10-14,50.1,23
"		192",柳林,2017-10-15,75.8,58
"		192",柳林,2017-10-16,66.1,54
"		192",柳林,2017-10-17,75.4,44
"		192",柳林,2017-10-18,61.9,50
"		192",柳林,2017-10-19,61.4,36
"		192",柳林,2017-10-20,68.6,38
"		192",柳林,2017-10-21,62.9,35
"		192",柳林,2017-10-22,45.4,29
"		192",柳林,2017-10-23,48.4,28
"		192",柳林,2017-10-24,76.4,50
"		192",柳林,2017-10-25,72.5,32
"		192",柳林,2017-10-26,73.6,29
"		192",柳林,2017-10-27,69.8,25
"		192",柳林,2017-10-28,69.9,55
"		192",柳林,2017-10-29,48.1,21
"		192",柳林,2017-10-30,39.9,12
"		192",柳林,2017-10-31,58,21
"		192",柳林,2017-11-01,61.9,15
"		192",柳林,2017-11-02,74,37
"		192",柳林,2017-11-03,65.5,38
"		192",柳林,2017-11-04,51.5,30
"		192",柳林,2017-11-05,67.4,24
"		192",柳林,2017-11-06,71,27
"		192",柳林,2017-11-07,74.9,46
"		192",柳林,2017-11-08,53.8,16
"		192",柳林,2017-11-09,61.4,26
"		192",柳林,2017-11-10,61.1,28
"		192",柳林,2017-11-11,36.5,15
"		192",柳林,2017-11-12,58.9,19
"		192",柳林,2017-11-13,68.1,41
"		192",柳林,2017-11-14,47.9,18
"		192",柳林,2017-11-15,49,23
"		192",柳林,2017-11-16,64.4,27
"		192",柳林,2017-11-17,60.8,27
"		192",柳林,2017-11-18,28.3,11
"		192",柳林,2017-11-19,33.3,17
"		192",柳林,2017-11-20,43.6,15
"		192",柳林,2017-11-21,67.6,31
"		192",柳林,2017-11-22,60.6,29
"		192",柳林,2017-11-23,47.6,31
"		192",柳林,2017-11-24,56.1,22
"		192",柳林,2017-11-25,70.8,41
"		192",柳林,2017-11-26,69.1,31
"		192",柳林,2017-11-27,74.3,39
"		192",柳林,2017-11-28,77.9,52
"		192",柳林,2017-11-29,55.6,22
"		192",柳林,2017-11-30,22.1,11
"		192",柳林,2017-12-01,31,11
"		192",柳林,2017-12-02,54.5,27
"		192",柳林,2017-12-03,68.8,35
"		192",柳林,2017-12-04,53.6,21
"		192",柳林,2017-12-05,47.1,21
"		192",柳林,2017-12-06,61.1,32
"		192",柳林,2017-12-07,64,33
"		192",柳林,2017-12-08,35,19
"		192",柳林,2017-12-09,57.3,40
"		192",柳林,2017-12-10,69.4,36
"		192",柳林,2017-12-11,39.9,26
"		192",柳林,2017-12-12,30.8,15
"		192",柳林,2017-12-13,34.8,12
"		192",柳林,2017-12-14,36.1,10
"		192",柳林,2017-12-15,37.1,8
"		192",柳林,2017-12-16,40.8,21
"		192",柳林,2017-12-17,42,22
"		192",柳林,2017-12-18,56.9,32
"		192",柳林,2017-12-19,51.6,25
"		192",柳林,2017-12-20,52,24
"		192",柳林,2017-12-21,60.1,28
"		192",柳林,2017-12-22,60.4,27
"		192",柳林,2017-12-23,71.4,37
"		192",柳林,2017-12-24,67.9,40
"		192",柳林,2017-12-25,38.4,15
"		192",柳林,2017-12-26,44.1,19
"		192",柳林,2017-12-27,30.8,11
"		192",柳林,2017-12-28,52.9,32
"		192",柳林,2017-12-29,66.3,35
"		192",柳林,2017-12-30,75.9,57
"		192",柳林,2017-12-31,43,20
"		192",柳林,2018-01-01,47.9,19
"		192",柳林,2018-01-02,56.9,18
"		192",柳林,2018-01-03,26.5,13
"		192",柳林,2018-01-04,32.1,18
"		192",柳林,2018-01-05,37.9,13
"		192",柳林,2018-01-06,52.3,17
"		192",柳林,2018-01-07,61.9,33
"		192",柳林,2018-01-08,81.4,42
"		192",柳林,2018-01-09,45,29
"		192",柳林,2018-01-10,57.3,30
"		192",柳林,2018-01-11,46.5,23
"		192",柳林,2018-01-12,47.5,17
"		192",柳林,2018-01-13,,29
"		192",柳林,2018-01-14,72.5,40
"		192",柳林,2018-01-15,65.6,23
"		192",柳林,2018-01-16,85.6,70
"		192",柳林,2018-01-17,87.4,60
"		192",柳林,2018-01-18,80.3,44
"		192",柳林,2018-01-19,68.8,23
"		192",柳林,2018-01-20,64.3,24
"		192",柳林,2018-01-21,61.3,19
"		192",柳林,2018-01-22,53.4,38
"		192",柳林,2018-01-23,39.4,19
"		192",柳林,2018-01-24,30.5,17
"		192",柳林,2018-01-25,22.4,12
"		192",柳林,2018-01-26,23.1,10
"		192",柳林,2018-01-27,37.1,13
"		192",柳林,2018-01-28,33.6,23
"		192",柳林,2018-01-29,34,20
"		192",柳林,2018-01-30,46.4,17
"		192",柳林,2018-01-31,55,26
"		192",柳林,2018-02-01,50.5,19
"		192",柳林,2018-02-02,40.4,10
"		192",柳林,2018-02-03,41.5,19
"		192",柳林,2018-02-04,29,15
"		192",柳林,2018-02-05,35.1,21
"		192",柳林,2018-02-06,30.5,16
"		192",柳林,2018-02-07,43.9,13
"		192",柳林,2018-02-08,44,13
"		192",柳林,2018-02-09,48.6,25
"		192",柳林,2018-02-10,43,15
"		192",柳林,2018-02-11,42.4,19
"		192",柳林,2018-02-12,46.5,29
"		192",柳林,2018-02-13,44,15
"		192",柳林,2018-02-14,60.8,41
"		192",柳林,2018-02-15,49,15
"		192",柳林,2018-02-16,30.9,12
"		192",柳林,2018-02-17,22.3,7
"		192",柳林,2018-02-18,26.3,10
"		192",柳林,2018-02-19,39.4,19
"		192",柳林,2018-02-20,39.8,19
"		192",柳林,2018-02-21,21.1,11
"		192",柳林,2018-02-22,39.4,14
"		192",柳林,2018-02-23,59.4,30
"		192",柳林,2018-02-24,60.4,22
"		192",柳林,2018-02-25,61.3,36
"		192",柳林,2018-02-26,53.1,13
"		192",柳林,2018-02-27,61.4,24
"		192",柳林,2018-02-28,78.8,53
"		192",柳林,2018-03-01,41.8,13
"		192",柳林,2018-03-02,43.3,17
"		192",柳林,2018-03-03,64.9,21
"		192",柳林,2018-03-04,85.9,67
"		192",柳林,2018-03-05,82.3,63
"		192",柳林,2018-03-06,58.3,25
"		192",柳林,2018-03-07,69,52
"		192",柳林,2018-03-08,78.1,56
"		192",柳林,2018-03-09,68.8,43
"		192",柳林,2018-03-10,67.1,35
"		192",柳林,2018-03-11,61,24
"		192",柳林,2018-03-12,66.3,31
"		192",柳林,2018-03-13,71,34
"		192",柳林,2018-03-14,72.4,41
"		192",柳林,2018-03-15,91.8,87
"		192",柳林,2018-03-16,65,43
"		192",柳林,2018-03-17,60.8,30
"		192",柳林,2018-03-18,83.3,59
"		192",柳林,2018-03-19,89.6,80
"		192",柳林,2018-03-20,54.4,36
"		192",柳林,2018-03-21,81.9,71
"		192",柳林,2018-03-22,61.1,19
"		192",柳林,2018-03-23,60,17
"		192",柳林,2018-03-24,59.9,25
"		192",柳林,2018-03-25,62.3,24
"		192",柳林,2018-03-26,58.6,16
"		192",柳林,2018-03-27,58.6,26
"		192",柳林,2018-03-28,61.1,21
"		192",柳林,2018-03-29,66.4,25
"		192",柳林,2018-03-30,58.1,30
"		192",柳林,2018-03-31,52.4,21
"		192",柳林,2018-04-01,66,42
"		192",柳林,2018-04-02,75.8,43
"		192",柳林,2018-04-03,75.8,47
"		192",柳林,2018-04-04,86.3,74
"		192",柳林,2018-04-05,88.6,80
"		192",柳林,2018-04-06,55.3,14
"		192",柳林,2018-04-07,37.6,16
"		192",柳林,2018-04-08,51.5,24
"		192",柳林,2018-04-09,53.8,14
"		192",柳林,2018-04-10,69.6,44
"		192",柳林,2018-04-11,39.1,14
"		192",柳林,2018-04-12,39.5,16
"		192",柳林,2018-04-13,39,20
"		192",柳林,2018-04-14,78.3,36
"		192",柳林,2018-04-15,43.8,24
"		192",柳林,2018-04-16,58.4,23
"		192",柳林,2018-04-17,63.6,24
"		192",柳林,2018-04-18,59.3,25
"		192",柳林,2018-04-19,57.9,19
"		192",柳林,2018-04-20,53.4,23
"		192",柳林,2018-04-21,62.6,18
"		192",柳林,2018-04-22,80.5,62
"		192",柳林,2018-04-23,91.6,75
"		192",柳林,2018-04-24,80.1,71
"		192",柳林,2018-04-25,52.8,16
"		192",柳林,2018-04-26,61.4,16
"		192",柳林,2018-04-27,58.3,21
"		192",柳林,2018-04-28,70,39
"		192",柳林,2018-04-29,65.8,32
"		192",柳林,2018-04-30,72.1,55
"		192",柳林,2018-05-01,82.5,65
"		192",柳林,2018-05-02,88.6,56
"		192",柳林,2018-05-03,45.3,18
"		192",柳林,2018-05-04,36.1,14
"		192",柳林,2018-05-05,51.3,23
"		192",柳林,2018-05-06,90.8,67
"		192",柳林,2018-05-07,88.9,67
"		192",柳林,2018-05-08,65.1,46
"		192",柳林,2018-05-09,60,40
"		192",柳林,2018-05-10,64.8,31
"		192",柳林,2018-05-11,60.3,29
"		192",柳林,2018-05-12,78,51
"		192",柳林,2018-05-13,73.8,33
"		192",柳林,2018-05-14,64.4,32
"		192",柳林,2018-05-15,72.4,32
"		192",柳林,2018-05-16,93.4,89
"		192",柳林,2018-05-17,91.6,74
"		192",柳林,2018-05-18,83,62
"		192",柳林,2018-05-19,63.6,45
"		192",柳林,2018-05-20,53.6,34
"		192",柳林,2018-05-21,64,48
"		192",柳林,2018-05-22,69.8,42
"		192",柳林,2018-05-23,60.5,20
"		192",柳林,2018-05-24,56.5,15
"		192",柳林,2018-05-25,56.3,19
"		192",柳林,2018-05-26,58.6,27
"		192",柳林,2018-05-27,66.3,34
"		192",柳林,2018-05-28,86.3,66
"		192",柳林,2018-05-29,75.8,46
"		192",柳林,2018-05-30,76.5,55
"		192",柳林,2018-05-31,60.3,31
"		192",柳林,2018-06-01,56.6,21
"		192",柳林,2018-06-02,57.6,23
"		192",柳林,2018-06-03,64.8,30
"		192",柳林,2018-06-04,63.9,39
"		192",柳林,2018-06-05,80.8,61
"		192",柳林,2018-06-06,68.1,32
"		192",柳林,2018-06-07,66.9,34
"		192",柳林,2018-06-08,67.5,38
"		192",柳林,2018-06-09,59.9,46
"		192",柳林,2018-06-10,68.5,57
"		192",柳林,2018-06-11,82.8,62
"		192",柳林,2018-06-12,83,63
"		192",柳林,2018-06-13,73.4,53
"		192",柳林,2018-06-14,69.1,47
"		192",柳林,2018-06-15,59.3,39
"		192",柳林,2018-06-16,61.9,37
"		192",柳林,2018-06-17,68.6,37
"		192",柳林,2018-06-18,66.4,43
"		192",柳林,2018-06-19,80.8,55
"		192",柳林,2018-06-20,70.6,38
"		192",柳林,2018-06-21,60.9,22
"		192",柳林,2018-06-22,60.1,26
"		192",柳林,2018-06-23,68.4,43
"		192",柳林,2018-06-24,62,30
"		192",柳林,2018-06-25,65,34
"		192",柳林,2018-06-26,84.4,73
"		192",柳林,2018-06-27,79.5,67
"		192",柳林,2018-06-28,89.5,83
"		192",柳林,2018-06-29,81.3,64
"		192",柳林,2018-06-30,91,89
"		192",柳林,2018-07-01,83.9,66
"		192",柳林,2018-07-02,84.6,64
"		192",柳林,2018-07-03,84,71
"		192",柳林,2018-07-04,72.9,52
"		192",柳林,2018-07-05,86.4,72
"		192",柳林,2018-07-06,83.8,73
"		192",柳林,2018-07-07,64.3,54
"		192",柳林,2018-07-08,68.4,58
"		192",柳林,2018-07-09,89.4,84
"		192",柳林,2018-07-10,82,62
"		192",柳林,2018-07-11,75.6,56
"		192",柳林,2018-07-12,75.6,56
"		192",柳林,2018-07-13,75,49
"		192",柳林,2018-07-14,72.1,45
"		192",柳林,2018-07-15,69.9,47
"		192",柳林,2018-07-16,69.5,50
"		192",柳林,2018-07-17,70.9,50
"		192",柳林,2018-07-18,69.1,44
"		192",柳林,2018-07-19,67.4,37
"		192",柳林,2018-07-20,67,36
"		192",柳林,2018-07-21,65.9,37
"		192",柳林,2018-07-22,71,45
"		192",柳林,2018-07-23,69.1,45
"		192",柳林,2018-07-24,71.8,50
"		192",柳林,2018-07-25,69,44
"		192",柳林,2018-07-26,62.6,36
"		192",柳林,2018-07-27,71.1,40
"		192",柳林,2018-07-28,77.9,51
"		192",柳林,2018-07-29,54.5,32
"		192",柳林,2018-07-30,71,40
"		192",柳林,2018-07-31,65.1,39
"		192",柳林,2018-08-01,62.4,37
"		192",柳林,2018-08-02,61.9,37
"		192",柳林,2018-08-03,67.4,45
"		192",柳林,2018-08-04,71.6,52
"		192",柳林,2018-08-05,60.6,33
"		192",柳林,2018-08-06,66.8,34
"		192",柳林,2018-08-07,73.9,45
"		192",柳林,2018-08-08,77.5,43
"		192",柳林,2018-08-09,75.1,48
"		192",柳林,2018-08-10,81.9,60
"		192",柳林,2018-08-11,77.3,57
"		192",柳林,2018-08-12,74.1,52
"		192",柳林,2018-08-13,67.1,40
"		192",柳林,2018-08-14,65,36
"		192",柳林,2018-08-15,68.5,34
"		192",柳林,2018-08-16,80.9,60
"		192",柳林,2018-08-17,60.1,37
"		192",柳林,2018-08-18,65.4,38
"		192",柳林,2018-08-19,68.5,31
"		192",柳林,2018-08-20,68.5,41
"		192",柳林,2018-08-21,65.5,33
"		192",柳林,2018-08-22,62.4,46
"		192",柳林,2018-08-23,79.5,54
"		192",柳林,2018-08-24,66.5,47
"		192",柳林,2018-08-25,79.6,65
"		192",柳林,2018-08-26,90.4,87
"		192",柳林,2018-08-27,92.4,84
"		192",柳林,2018-08-28,81.5,57
"		192",柳林,2018-08-29,76.6,54
"		192",柳林,2018-08-30,79.3,63
"		192",柳林,2018-08-31,85.9,76
"		192",柳林,2018-09-01,83.1,62
"		192",柳林,2018-09-02,80.4,64
"		192",柳林,2018-09-03,87.9,79
"		192",柳林,2018-09-04,67.6,33
"		192",柳林,2018-09-05,68.3,33
"		192",柳林,2018-09-06,77.6,58
"		192",柳林,2018-09-07,81.5,58
"		192",柳林,2018-09-08,75.4,46
"		192",柳林,2018-09-09,68.8,36
"		192",柳林,2018-09-10,62.8,32
"		192",柳林,2018-09-11,63.3,43
"		192",柳林,2018-09-12,70,50
"		192",柳林,2018-09-13,84.6,71
"		192",柳林,2018-09-14,89,81
"		192",柳林,2018-09-15,90.1,87
"		192",柳林,2018-09-16,78.4,51
"		192",柳林,2018-09-17,75.4,49
"		192",柳林,2018-09-18,72,45
"		192",柳林,2018-09-19,78.1,61
"		192",柳林,2018-09-20,89.3,82
"		192",柳林,2018-09-21,89.8,84
"		192",柳林,2018-09-22,81.8,44
"		192",柳林,2018-09-23,72.9,35
"		192",柳林,2018-09-24,75.1,46
"		192",柳林,2018-09-25,65.1,31
"		192",柳林,2018-09-26,62.8,46
"		192",柳林,2018-09-27,64.4,35
"		192",柳林,2018-09-28,68,49
"		192",柳林,2018-09-29,70.8,61
"		192",柳林,2018-09-30,48,23
"		192",柳林,2018-10-01,54.4,31
"		192",柳林,2018-10-02,67.1,34
"		192",柳林,2018-10-03,67.8,27
"		192",柳林,2018-10-04,68.8,43
"		192",柳林,2018-10-05,89,82
"		192",柳林,2018-10-06,80,52
"		192",柳林,2018-10-07,76,33
"		192",柳林,2018-10-08,62.3,24
"		192",柳林,2018-10-09,73.6,46
"		192",柳林,2018-10-10,60,35
"		192",柳林,2018-10-11,47.8,25
"		192",柳林,2018-10-12,66.1,29
"		192",柳林,2018-10-13,73.9,34
"		192",柳林,2018-10-14,73.4,43
"		192",柳林,2018-10-15,71.9,34
"		192",柳林,2018-10-16,80,44
"		192",柳林,2018-10-17,73.1,34
"		192",柳林,2018-10-18,60.8,19
"		192",柳林,2018-10-19,,20
"		192",柳林,2018-10-20,69.6,29
"		192",柳林,2018-10-21,68.8,21
"		192",柳林,2018-10-22,75,43
"		192",柳林,2018-10-23,77.4,44
"		192",柳林,2018-10-24,71.4,31
"		192",柳林,2018-10-25,69.4,25
"		192",柳林,2018-10-26,86,71
"		192",柳林,2018-10-27,72.9,39
"		192",柳林,2018-10-28,71,39
"		192",柳林,2018-10-29,75.8,35
"		192",柳林,2018-10-30,65,31
"		192",柳林,2018-10-31,68.8,34
"		192",柳林,2018-11-01,68.8,24
"		192",柳林,2018-11-02,64.4,18
"		192",柳林,2018-11-03,65.5,15
"		192",柳林,2018-11-04,67.3,20
"		192",柳林,2018-11-05,69.6,25
"		192",柳林,2018-11-06,74.9,37
"		192",柳林,2018-11-07,82.3,59
"		192",柳林,2018-11-08,88.6,75
"		192",柳林,2018-11-09,62.4,39
"		192",柳林,2018-11-10,74.8,28
"		192",柳林,2018-11-11,80.4,44
"		192",柳林,2018-11-12,75.4,39
"		192",柳林,2018-11-13,77,47
"		192",柳林,2018-11-14,75.5,33
"		192",柳林,2018-11-15,74.9,36
"		192",柳林,2018-11-16,87,72
"		192",柳林,2018-11-17,68.8,12
"		192",柳林,2018-11-18,67,31
"		192",柳林,2018-11-19,62.6,26
"		192",柳林,2018-11-20,60.3,15
"		192",柳林,2018-11-21,63.4,44
"		192",柳林,2018-11-22,42,12
"		192",柳林,2018-11-23,56.1,23
"		192",柳林,2018-11-24,79.4,55
"		192",柳林,2018-11-25,89,52
"		192",柳林,2018-11-26,77.3,29
"		192",柳林,2018-11-27,73.4,29
"		192",柳林,2018-11-28,58.1,9
"		192",柳林,2018-11-29,53.1,15
"		192",柳林,2018-11-30,67.9,34
"		192",柳林,2018-12-01,64.8,36
"		192",柳林,2018-12-02,71.3,46
"		192",柳林,2018-12-03,90.9,80
"		192",柳林,2018-12-04,68,25
"		192",柳林,2018-12-05,41.1,21
"		192",柳林,2018-12-06,69.4,44
"		192",柳林,2018-12-07,33.8,20
"		192",柳林,2018-12-08,38.8,28
"		192",柳林,2018-12-09,34.4,11
"		192",柳林,2018-12-10,42.1,10
"		192",柳林,2018-12-11,78.1,52
"		192",柳林,2018-12-12,51.3,22
"		192",柳林,2018-12-13,54.4,33
"		192",柳林,2018-12-14,44.9,18
"		192",柳林,2018-12-15,49.4,10
"		192",柳林,2018-12-16,75.6,50
"		192",柳林,2018-12-17,72.3,23
"		192",柳林,2018-12-18,68.5,32
"		192",柳林,2018-12-19,64.6,22
"		192",柳林,2018-12-20,74.9,57
"		192",柳林,2018-12-21,78.5,48
"		192",柳林,2018-12-22,74,36
"		192",柳林,2018-12-23,47.6,17
"		192",柳林,2018-12-24,46.4,14
"		192",柳林,2018-12-25,47.5,20
"		192",柳林,2018-12-26,33.4,14
"		192",柳林,2018-12-27,16.5,10
"		192",柳林,2018-12-28,28.3,17
"		192",柳林,2018-12-29,30,14
"		192",柳林,2018-12-30,34.9,15
"		192",柳林,2018-12-31,37.1,10
"		192",柳林,2019-01-01,50.4,29
"		192",柳林,2019-01-02,48.8,21
"		192",柳林,2019-01-03,50,12
"		192",柳林,2019-01-04,45.8,21
"		192",柳林,2019-01-05,48,13
"		192",柳林,2019-01-06,38.3,10
"		192",柳林,2019-01-07,44,14
"		192",柳林,2019-01-08,44,21
"		192",柳林,2019-01-09,38.8,19
"		192",柳林,2019-01-10,47.4,19
"		192",柳林,2019-01-11,64.1,35
"		192",柳林,2019-01-12,83.6,58
"		192",柳林,2019-01-13,76.6,33
"		192",柳林,2019-01-14,65.9,16
"		192",柳林,2019-01-15,55.9,26
"		192",柳林,2019-01-16,30.1,11
"		192",柳林,2019-01-17,51.5,30
"		192",柳林,2019-01-18,56.6,19
"		192",柳林,2019-01-19,61.6,26
"		192",柳林,2019-01-20,49.4,16
"		192",柳林,2019-01-21,55.1,25
"		192",柳林,2019-01-22,62.3,26
"		192",柳林,2019-01-23,55.8,25
"		192",柳林,2019-01-24,50.9,13
"		192",柳林,2019-01-25,45.1,19
"		192",柳林,2019-01-26,27.6,13
"		192",柳林,2019-01-27,48.3,14
"		192",柳林,2019-01-28,44.9,16
"		192",柳林,2019-01-29,49.5,17
"		192",柳林,2019-01-30,46.5,13
"		192",柳林,2019-01-31,71.6,21
"		192",柳林,2019-02-01,59.5,31
"		192",柳林,2019-02-02,65.4,34
"		192",柳林,2019-02-03,82.5,62
"		192",柳林,2019-02-04,31.5,12
"		192",柳林,2019-02-05,49.1,13
"		192",柳林,2019-02-06,57.8,17
"		192",柳林,2019-02-07,45.9,13
"		192",柳林,2019-02-08,23.9,12
"		192",柳林,2019-02-09,28.3,11
"		192",柳林,2019-02-10,35.5,24
"		192",柳林,2019-02-11,34.4,19
"		192",柳林,2019-02-12,48,22
"		192",柳林,2019-02-13,34.1,17
"		192",柳林,2019-02-14,37,20
"		192",柳林,2019-02-15,52.3,21
"		192",柳林,2019-02-16,44.3,25
"		192",柳林,2019-02-17,41.1,13
"		192",柳林,2019-02-18,44,17
"		192",柳林,2019-02-19,85.9,59
"		192",柳林,2019-02-20,58.5,27
"		192",柳林,2019-02-21,57.8,21
"		192",柳林,2019-02-22,64,25
"		192",柳林,2019-02-23,62.1,25
"		192",柳林,2019-02-24,65,27
"		192",柳林,2019-02-25,56,13
"		192",柳林,2019-02-26,49.4,14
"		192",柳林,2019-02-27,67.8,45
"		192",柳林,2019-02-28,64.6,29
"		192",柳林,2019-03-01,58.8,21
"		192",柳林,2019-03-02,63.4,34
"		192",柳林,2019-03-03,61,26
"		192",柳林,2019-03-04,63.4,30
"		192",柳林,2019-03-05,65.8,30
"		192",柳林,2019-03-06,80.5,51
"		192",柳林,2019-03-07,62.8,31
"		192",柳林,2019-03-08,65.8,18
"		192",柳林,2019-03-09,69.4,40
"		192",柳林,2019-03-10,92.4,80
"		192",柳林,2019-03-11,79.9,42
"		192",柳林,2019-03-12,65.9,34
"		192",柳林,2019-03-13,38.4,16
"		192",柳林,2019-03-14,54.3,21
"		192",柳林,2019-03-15,65.4,27
"		192",柳林,2019-03-16,64.8,35
"		192",柳林,2019-03-17,61.5,25
"		192",柳林,2019-03-18,63.9,33
"		192",柳林,2019-03-19,59.6,25
"		192",柳林,2019-03-20,81.4,43
"		192",柳林,2019-03-21,58.4,35
"		192",柳林,2019-03-22,40.9,16
"		192",柳林,2019-03-23,41.8,19
"		192",柳林,2019-03-24,55.6,27
"		192",柳林,2019-03-25,64.9,34
"		192",柳林,2019-03-26,59.8,17
"		192",柳林,2019-03-27,55.5,27
"		192",柳林,2019-03-28,68,29
"		192",柳林,2019-03-29,77,49
"		192",柳林,2019-03-30,53.5,23
"		192",柳林,2019-03-31,37.8,21
"		192",柳林,2019-04-01,42.1,22
"		192",柳林,2019-04-02,45.6,18
"		192",柳林,2019-04-03,33,18
"		192",柳林,2019-04-04,40.3,19
"		192",柳林,2019-04-05,48.8,28
"		192",柳林,2019-04-06,45.5,16
"		192",柳林,2019-04-07,82.4,47
"		192",柳林,2019-04-08,67.9,23
"		192",柳林,2019-04-09,66.5,38
"		192",柳林,2019-04-10,79.6,65
"		192",柳林,2019-04-11,76.5,44
"		192",柳林,2019-04-12,63.9,22
"		192",柳林,2019-04-13,58.4,28
"		192",柳林,2019-04-14,54.6,27
"		192",柳林,2019-04-15,52.8,20
"		192",柳林,2019-04-16,54.5,18
"		192",柳林,2019-04-17,62.4,35
"		192",柳林,2019-04-18,72,38
"		192",柳林,2019-04-19,82,67
"		192",柳林,2019-04-20,71.5,46
"		192",柳林,2019-04-21,74.5,48
"		192",柳林,2019-04-22,73.5,45
"		192",柳林,2019-04-23,90.1,61
"		192",柳林,2019-04-24,93.3,78
"		192",柳林,2019-04-25,95.4,84
"		192",柳林,2019-04-26,80.1,57
"		192",柳林,2019-04-27,71.1,36
"		192",柳林,2019-04-28,76.5,38
"		192",柳林,2019-04-29,94,79
"		192",柳林,2019-04-30,85,64
"		192",柳林,2019-05-01,71,37
"		192",柳林,2019-05-02,59,27
"		192",柳林,2019-05-03,55.5,20
"		192",柳林,2019-05-04,60.6,22
"		192",柳林,2019-05-05,60.1,27
"		192",柳林,2019-05-06,65.4,21
"		192",柳林,2019-05-07,58,23
"		192",柳林,2019-05-08,59.6,21
"		192",柳林,2019-05-09,54.9,24
"		192",柳林,2019-05-10,56.9,22
"		192",柳林,2019-05-11,55.8,22
"		192",柳林,2019-05-12,55.3,15
"		192",柳林,2019-05-13,65.5,34
"		192",柳林,2019-05-14,72,48
"		192",柳林,2019-05-15,70.3,42
"		192",柳林,2019-05-16,64.8,29
"		192",柳林,2019-05-17,67.5,30
"		192",柳林,2019-05-18,93.6,92
"		192",柳林,2019-05-19,95,90
"		192",柳林,2019-05-20,67.8,28
"		192",柳林,2019-05-21,46.9,21
"		192",柳林,2019-05-22,57,24
"		192",柳林,2019-05-23,61.3,15
"		192",柳林,2019-05-24,64.8,36
"		192",柳林,2019-05-25,62.4,26
"		192",柳林,2019-05-26,66.9,24
"		192",柳林,2019-05-27,90.5,72
"		192",柳林,2019-05-28,50.8,19
"		192",柳林,2019-05-29,54.1,17
"		192",柳林,2019-05-30,54.4,25
"		192",柳林,2019-05-31,76.3,54
"		192",柳林,2019-06-01,67.3,33
"		192",柳林,2019-06-02,65.8,31
"		192",柳林,2019-06-03,64.9,34
"		192",柳林,2019-06-04,71.4,38
"		192",柳林,2019-06-05,65.9,29
"		192",柳林,2019-06-06,82.1,55
"		192",柳林,2019-06-07,89.3,76
"		192",柳林,2019-06-08,79.3,55
"		192",柳林,2019-06-09,71.8,43
"		192",柳林,2019-06-10,72.4,52
"		192",柳林,2019-06-11,75.9,51
"		192",柳林,2019-06-12,71.8,38
"		192",柳林,2019-06-13,72.3,36
"		192",柳林,2019-06-14,82.9,65
"		192",柳林,2019-06-15,67.6,40
"		192",柳林,2019-06-16,70.8,47
"		192",柳林,2019-06-17,73.9,55
"		192",柳林,2019-06-18,76,51
"		192",柳林,2019-06-19,77.6,47
"		192",柳林,2019-06-20,72.3,49
"		192",柳林,2019-06-21,69.9,48
"		192",柳林,2019-06-22,75.4,52
"		192",柳林,2019-06-23,71.9,34
"		192",柳林,2019-06-24,76.3,55
"		192",柳林,2019-06-25,71.9,47
"		192",柳林,2019-06-26,93.4,80
"		192",柳林,2019-06-27,88.5,70
"		192",柳林,2019-06-28,81.5,61
"		192",柳林,2019-06-29,94.5,89
"		192",柳林,2019-06-30,86.1,66
"		192",柳林,2019-07-01,87.1,70
"		192",柳林,2019-07-02,78,52
"		192",柳林,2019-07-03,81.9,55
"		192",柳林,2019-07-04,72.3,35
"		192",柳林,2019-07-05,74.6,46
"		192",柳林,2019-07-06,63.4,36
"		192",柳林,2019-07-07,69,44
"		192",柳林,2019-07-08,65.6,44
"		192",柳林,2019-07-09,67.1,54
"		192",柳林,2019-07-10,87.1,68
"		192",柳林,2019-07-11,80.5,57
"		192",柳林,2019-07-12,73.4,48
"		192",柳林,2019-07-13,87.6,73
"		192",柳林,2019-07-14,80.3,59
"		192",柳林,2019-07-15,79.1,58
"		192",柳林,2019-07-16,81.1,54
"		192",柳林,2019-07-17,78,55
"		192",柳林,2019-07-18,91.3,83
"		192",柳林,2019-07-19,94.5,92
"		192",柳林,2019-07-20,93.9,89
"		192",柳林,2019-07-21,87.3,75
"		192",柳林,2019-07-22,85.1,69
"		192",柳林,2019-07-23,82.5,62
"		192",柳林,2019-07-24,86.3,76
"		192",柳林,2019-07-25,88.6,78
"		192",柳林,2019-07-26,87.3,76
"		192",柳林,2019-07-27,90.1,83
"		192",柳林,2019-07-28,82.6,67
"		192",柳林,2019-07-29,81,63
"		192",柳林,2019-07-30,80.4,65
"		192",柳林,2019-07-31,79.3,62
"		192",柳林,2019-08-01,78.6,56
"		192",柳林,2019-08-02,77.8,50
"		192",柳林,2019-08-03,79.1,52
"		192",柳林,2019-08-04,73.3,48
"		192",柳林,2019-08-05,75.4,49
"		192",柳林,2019-08-06,78.8,65
"		192",柳林,2019-08-07,80.6,59
"		192",柳林,2019-08-08,77.5,56
"		192",柳林,2019-08-09,76.9,52
"		192",柳林,2019-08-10,75.4,53
"		192",柳林,2019-08-11,75.5,55
"		192",柳林,2019-08-12,79.5,70
"		192",柳林,2019-08-13,81.1,52
"		192",柳林,2019-08-14,71.8,52
"		192",柳林,2019-08-15,75.6,60
"		192",柳林,2019-08-16,71.4,50
"		192",柳林,2019-08-17,73.8,51
"		192",柳林,2019-08-18,70.3,39
"		192",柳林,2019-08-19,74.6,49
"		192",柳林,2019-08-20,72,54
"		192",柳林,2019-08-21,82.8,69
"		192",柳林,2019-08-22,87,64
"		192",柳林,2019-08-23,82.1,57
"		192",柳林,2019-08-24,74.4,41
"		192",柳林,2019-08-25,84.9,64
"		192",柳林,2019-08-26,77.5,52
"		192",柳林,2019-08-27,92.8,81
"		192",柳林,2019-08-28,88.8,73
"		192",柳林,2019-08-29,89.8,78
"		192",柳林,2019-08-30,74.6,43
"		192",柳林,2019-08-31,77.1,45
"		192",柳林,2019-09-01,87.8,72
"		192",柳林,2019-09-02,94.6,90
"		192",柳林,2019-09-03,94.5,83
"		192",柳林,2019-09-04,94.6,89
"		192",柳林,2019-09-05,88.3,66
"		192",柳林,2019-09-06,85.8,69
"		192",柳林,2019-09-07,85.1,75
"		192",柳林,2019-09-08,85.8,65
"		192",柳林,2019-09-09,85.6,59
"		192",柳林,2019-09-10,82,60
"		192",柳林,2019-09-11,83.8,65
"		192",柳林,2019-09-12,88,77
"		192",柳林,2019-09-13,75.4,49
"		192",柳林,2019-09-14,77.5,52
"		192",柳林,2019-09-15,77.6,56
"		192",柳林,2019-09-16,71.6,52
"		192",柳林,2019-09-17,69.4,40
"		192",柳林,2019-09-18,67.4,29
"		192",柳林,2019-09-19,72.3,42
"		192",柳林,2019-09-20,72.1,47
"		192",柳林,2019-09-21,93.5,77
"		192",柳林,2019-09-22,88.4,68
"		192",柳林,2019-09-23,86.6,65
"		192",柳林,2019-09-24,79.6,37
"		192",柳林,2019-09-25,80.4,42
"		192",柳林,2019-09-26,81.6,54
"		192",柳林,2019-09-27,84.6,58
"		192",柳林,2019-09-28,91.1,76
"		192",柳林,2019-09-29,86,57
"		192",柳林,2019-09-30,84.8,69
"		192",柳林,2019-10-01,95.6,90
"		192",柳林,2019-10-02,94.1,84
"		192",柳林,2019-10-03,80.6,53
"		192",柳林,2019-10-04,83.4,51
"		192",柳林,2019-10-05,78.4,55
"		192",柳林,2019-10-06,70.6,50
"		192",柳林,2019-10-07,90.1,79
"		192",柳林,2019-10-08,71.6,38
"		192",柳林,2019-10-09,70,27
"		192",柳林,2019-10-10,73,29
"		192",柳林,2019-10-11,63.6,30
"		192",柳林,2019-10-12,54.1,36
"		192",柳林,2019-10-13,61.4,41
"		192",柳林,2019-10-14,75.4,43
"		192",柳林,2019-10-15,75.6,56
"		192",柳林,2019-10-16,76.4,32
"		192",柳林,2019-10-17,80.8,54
"		192",柳林,2019-10-18,87.4,72
"		192",柳林,2019-10-19,80.9,48
"		192",柳林,2019-10-20,80.1,31
"		192",柳林,2019-10-21,78.6,41
"		192",柳林,2019-10-22,80.4,50
"		192",柳林,2019-10-23,80.3,59
"		192",柳林,2019-10-24,69.8,58
"		192",柳林,2019-10-25,78.6,49
"		192",柳林,2019-10-26,64.1,30
"		192",柳林,2019-10-27,74.5,30
"		192",柳林,2019-10-28,74.4,43
"		192",柳林,2019-10-29,72.4,33
"		192",柳林,2019-10-30,77.4,33
"		192",柳林,2019-10-31,77.3,33
"		192",柳林,2019-11-01,79.4,34
"		192",柳林,2019-11-02,84.3,50
"		192",柳林,2019-11-03,80.5,41
"		192",柳林,2019-11-04,81.1,51
"		192",柳林,2019-11-05,79.5,40
"		192",柳林,2019-11-06,75.9,31
"		192",柳林,2019-11-07,72.9,36
"		192",柳林,2019-11-08,71.5,28
"		192",柳林,2019-11-09,69.5,26
"		192",柳林,2019-11-10,76.6,40
"		192",柳林,2019-11-11,68.4,38
"		192",柳林,2019-11-12,77.9,38
"		192",柳林,2019-11-13,68.8,38
"		192",柳林,2019-11-14,47.9,22
"		192",柳林,2019-11-15,66.9,40
"		192",柳林,2019-11-16,80.4,52
"		192",柳林,2019-11-17,93.4,84
"		192",柳林,2019-11-18,64.1,44
"		192",柳林,2019-11-19,63,35
"		192",柳林,2019-11-20,55.9,26
"		192",柳林,2019-11-21,57,18
"		192",柳林,2019-11-22,71.9,46
"		192",柳林,2019-11-23,80,48
"		192",柳林,2019-11-24,84.3,65
"		192",柳林,2019-11-25,56.8,39
"		192",柳林,2019-11-26,69.1,46
"		192",柳林,2019-11-27,65.3,46
"		192",柳林,2019-11-28,69.4,51
"		192",柳林,2019-11-29,60.9,13
"		192",柳林,2019-11-30,59.1,32
"		192",柳林,2019-12-01,91.5,72
"		192",柳林,2019-12-02,54.6,36
"		192",柳林,2019-12-03,74.9,47
"		192",柳林,2019-12-04,71,32
"		192",柳林,2019-12-05,56.5,26
"		192",柳林,2019-12-06,44.5,19
"		192",柳林,2019-12-07,60.9,32
"		192",柳林,2019-12-08,73.3,29
"		192",柳林,2019-12-09,71.1,30
"		192",柳林,2019-12-10,79.8,49
"		192",柳林,2019-12-11,67.4,38
"		192",柳林,2019-12-12,45.1,17
"		192",柳林,2019-12-13,63.4,32
"		192",柳林,2019-12-14,59.6,23
"		192",柳林,2019-12-15,69,45
"		192",柳林,2019-12-16,80.6,49
"		192",柳林,2019-12-17,83.3,63
"		192",柳林,2019-12-18,57.8,23
"		192",柳林,2019-12-19,47.1,17
"		192",柳林,2019-12-20,58.9,37
"		192",柳林,2019-12-21,71.4,43
"		192",柳林,2019-12-22,72.9,44
"		192",柳林,2019-12-23,73.3,37
"		192",柳林,2019-12-24,70.9,29
"		192",柳林,2019-12-25,61.3,33
"		192",柳林,2019-12-26,72,49
"		192",柳林,2019-12-27,45.1,20
"		192",柳林,2019-12-28,65,28
"		192",柳林,2019-12-29,78.6,52
"		192",柳林,2019-12-30,84.1,47
"		192",柳林,2019-12-31,35.3,17
"		192",柳林,2020-01-01,56.1,35
"		192",柳林,2020-01-02,74,38
"		192",柳林,2020-01-03,71.9,31
"		192",柳林,2020-01-04,67.4,34
"		192",柳林,2020-01-05,61.6,17
"		192",柳林,2020-01-06,85.3,60
"		192",柳林,2020-01-07,93.6,72
"		192",柳林,2020-01-08,66.4,53
"		192",柳林,2020-01-09,63.9,25
"		192",柳林,2020-01-10,70.6,26
"		192",柳林,2020-01-11,66.4,36
"		192",柳林,2020-01-12,60.5,33
"		192",柳林,2020-01-13,68.8,38
"		192",柳林,2020-01-14,58.9,34
"		192",柳林,2020-01-15,63.9,28
"		192",柳林,2020-01-16,52.8,22
"		192",柳林,2020-01-17,51.1,15
"		192",柳林,2020-01-18,51.6,13
"		192",柳林,2020-01-19,65.9,37
"		192",柳林,2020-01-20,66.9,34
"		192",柳林,2020-01-21,53,10
"		192",柳林,2020-01-22,76,51
"		192",柳林,2020-01-23,93.4,80
"		192",柳林,2020-01-24,77.4,37
"		192",柳林,2020-01-25,82.4,59
"		192",柳林,2020-01-26,72.4,54
"		192",柳林,2020-01-27,89.6,64
"		192",柳林,2020-01-28,70.4,53
"		192",柳林,2020-01-29,81.6,56
"		192",柳林,2020-01-30,72.6,38
"		192",柳林,2020-01-31,73.1,38
"		192",柳林,2020-02-01,70.3,38
"		192",柳林,2020-02-02,74.1,38
"		192",柳林,2020-02-03,65,28
"		192",柳林,2020-02-04,60.9,22
"		192",柳林,2020-02-05,35.5,13
"		192",柳林,2020-02-06,31.5,9
"		192",柳林,2020-02-07,40.9,21
"		192",柳林,2020-02-08,49.3,26
"		192",柳林,2020-02-09,50.4,19
"		192",柳林,2020-02-10,64.5,33
"		192",柳林,2020-02-11,62.9,20
"		192",柳林,2020-02-12,93.9,74
"		192",柳林,2020-02-13,85.1,57
"		192",柳林,2020-02-14,73.6,27
"		192",柳林,2020-02-15,76.4,46
"		192",柳林,2020-02-16,64,38
"		192",柳林,2020-02-17,51.1,35
"		192",柳林,2020-02-18,48.3,17
"		192",柳林,2020-02-19,54.9,23
"		192",柳林,2020-02-20,58.9,21
"		192",柳林,2020-02-21,70.4,36
"		192",柳林,2020-02-22,52.9,20
"		192",柳林,2020-02-23,59.1,26
"		192",柳林,2020-02-24,66,21
"		192",柳林,2020-02-25,94.5,91
"		192",柳林,2020-02-26,79.1,53
"		192",柳林,2020-02-27,67.6,44
"		192",柳林,2020-02-28,84.5,66
"		192",柳林,2020-02-29,83.1,58
"		192",柳林,2020-03-01,74.1,47
"		192",柳林,2020-03-02,43.6,24
"		192",柳林,2020-03-03,67.6,46
"		192",柳林,2020-03-04,52,19
"		192",柳林,2020-03-05,46.8,17
"		192",柳林,2020-03-06,57.5,27
"		192",柳林,2020-03-07,86.6,72
"		192",柳林,2020-03-08,75.1,35
"		192",柳林,2020-03-09,85,61
"		192",柳林,2020-03-10,79.3,52
"		192",柳林,2020-03-11,56.6,17
"		192",柳林,2020-03-12,56.8,20
"		192",柳林,2020-03-13,52.6,30
"		192",柳林,2020-03-14,24.1,14
"		192",柳林,2020-03-15,46.1,22
"		192",柳林,2020-03-16,42.8,19
"		192",柳林,2020-03-17,54.4,27
"		192",柳林,2020-03-18,58.8,23
"		192",柳林,2020-03-19,50.1,16
"		192",柳林,2020-03-20,36.6,24
"		192",柳林,2020-03-21,62.3,38
"		192",柳林,2020-03-22,75.1,36
"		192",柳林,2020-03-23,46.6,18
"		192",柳林,2020-03-24,56.8,23
"		192",柳林,2020-03-25,58.9,24
"		192",柳林,2020-03-26,88.8,62
"		192",柳林,2020-03-27,79.6,53
"		192",柳林,2020-03-28,59.3,35
"		192",柳林,2020-03-29,65.8,30
"		192",柳林,2020-03-30,64.3,25
"		192",柳林,2020-03-31,65.9,23
"		192",柳林,2020-04-01,46.8,18
"		192",柳林,2020-04-02,44.6,20
"		192",柳林,2020-04-03,47.9,14
"		192",柳林,2020-04-04,42.1,12
"		192",柳林,2020-04-05,43.8,12
"		192",柳林,2020-04-06,51.1,13
"		192",柳林,2020-04-07,51.3,22
"		192",柳林,2020-04-08,37.3,15
"		192",柳林,2020-04-09,42,18
"		192",柳林,2020-04-10,65.8,52
"		192",柳林,2020-04-11,79.3,55
"		192",柳林,2020-04-12,73,47
"		192",柳林,2020-04-13,49.6,21
"		192",柳林,2020-04-14,54.8,12
"		192",柳林,2020-04-15,54.9,20
"		192",柳林,2020-04-16,68.1,38
"		192",柳林,2020-04-17,90.8,75
"		192",柳林,2020-04-18,70.3,35
"		192",柳林,2020-04-19,90.3,69
"		192",柳林,2020-04-20,68.5,42
"		192",柳林,2020-04-21,36.9,14
"		192",柳林,2020-04-22,40.6,17
"		192",柳林,2020-04-23,51,22
"		192",柳林,2020-04-24,42.3,16
"		192",柳林,2020-04-25,58.8,35
"		192",柳林,2020-04-26,52.4,16
"		192",柳林,2020-04-27,50.8,20
"		192",柳林,2020-04-28,54.3,20
"		192",柳林,2020-04-29,51.4,19
"		192",柳林,2020-04-30,68,44
"		192",柳林,2020-05-01,74.1,58
"		192",柳林,2020-05-02,81.5,53
"		192",柳林,2020-05-03,94.9,88
"		192",柳林,2020-05-04,81,52
"		192",柳林,2020-05-05,81.1,71
"		192",柳林,2020-05-06,63.5,28
"		192",柳林,2020-05-07,53.5,24
"		192",柳林,2020-05-08,66.6,35
"		192",柳林,2020-05-09,92.6,81
"		192",柳林,2020-05-10,72.1,47
"		192",柳林,2020-05-11,58.8,23
"		192",柳林,2020-05-12,44.3,30
"		192",柳林,2020-05-13,51.8,23
"		192",柳林,2020-05-14,55.3,22
"		192",柳林,2020-05-15,91.9,67
"		192",柳林,2020-05-16,84.8,60
"		192",柳林,2020-05-17,82.6,65
"		192",柳林,2020-05-18,89,76
"		192",柳林,2020-05-19,75.5,54
"		192",柳林,2020-05-20,72.3,44
"		192",柳林,2020-05-21,75.8,56
"		192",柳林,2020-05-22,72.9,45
"		192",柳林,2020-05-23,72.4,43
"		192",柳林,2020-05-24,80.3,57
"		192",柳林,2020-05-25,74.4,41
"		192",柳林,2020-05-26,78,50
"		192",柳林,2020-05-27,63.3,28
"		192",柳林,2020-05-28,66.5,34
"		192",柳林,2020-05-29,65.5,33
"		192",柳林,2020-05-30,61.8,33
"		192",柳林,2020-05-31,73.8,55
"		192",柳林,2020-06-01,63.1,25
"		192",柳林,2020-06-02,56.6,23
"		192",柳林,2020-06-03,77.3,58
"		192",柳林,2020-06-04,76.6,47
"		192",柳林,2020-06-05,72.3,44
"		192",柳林,2020-06-06,77.9,51
"		192",柳林,2020-06-07,71.3,48
"		192",柳林,2020-06-08,63.6,35
"		192",柳林,2020-06-09,67.6,35
"		192",柳林,2020-06-10,75.8,48
"		192",柳林,2020-06-11,85.9,62
"		192",柳林,2020-06-12,87.5,67
"		192",柳林,2020-06-13,91.9,76
"		192",柳林,2020-06-14,90.9,68
"		192",柳林,2020-06-15,75.1,44
"		192",柳林,2020-06-16,64.9,31
"		192",柳林,2020-06-17,77.9,50
"		192",柳林,2020-06-18,95.9,91
"		192",柳林,2020-06-19,77.1,43
"		192",柳林,2020-06-20,80.4,52
"		192",柳林,2020-06-21,78.8,51
"		192",柳林,2020-06-22,76.4,48
"		192",柳林,2020-06-23,75.1,35
"		192",柳林,2020-06-24,92.8,80
"		192",柳林,2020-06-25,94.9,86
"		192",柳林,2020-06-26,76.4,52
"		192",柳林,2020-06-27,82.1,58
"		192",柳林,2020-06-28,78.5,50
"		192",柳林,2020-06-29,92.3,74
"		192",柳林,2020-06-30,77,56
"		192",柳林,2020-07-01,77.4,52
"		192",柳林,2020-07-02,81.4,63
"		192",柳林,2020-07-03,91.4,82
"		192",柳林,2020-07-04,84.5,63
"		192",柳林,2020-07-05,83.8,62
"		192",柳林,2020-07-06,92.8,82
"		192",柳林,2020-07-07,84.9,62
"		192",柳林,2020-07-08,80.3,54
"		192",柳林,2020-07-09,90.6,70
"		192",柳林,2020-07-10,91.6,72
"		192",柳林,2020-07-11,87.3,70
"		192",柳林,2020-07-12,95.1,88
"		192",柳林,2020-07-13,98.9,96
"		192",柳林,2020-07-14,96.3,83
"		192",柳林,2020-07-15,97.8,87
"		192",柳林,2020-07-16,83.1,50
"		192",柳林,2020-07-17,81.9,50
"		192",柳林,2020-07-18,84.8,64
"		192",柳林,2020-07-19,94.1,91
"		192",柳林,2020-07-20,88,73
"		192",柳林,2020-07-21,84.4,65
"		192",柳林,2020-07-22,95.3,87
"		192",柳林,2020-07-23,96.8,94
"		192",柳林,2020-07-24,92.5,83
"		192",柳林,2020-07-25,95.6,84
"		192",柳林,2020-07-26,81.3,56
"		192",柳林,2020-07-27,94.9,85
"		192",柳林,2020-07-28,94.9,79
"		192",柳林,2020-07-29,95.6,88
"		192",柳林,2020-07-30,93.8,73
"		192",柳林,2020-07-31,88.3,70
"		192",柳林,2020-08-01,85.1,61
"		192",柳林,2020-08-02,84.6,64
"		192",柳林,2020-08-03,84.9,74
"		192",柳林,2020-08-04,85.8,72
"		192",柳林,2020-08-05,90.4,82
"		192",柳林,2020-08-06,89.3,80
"		192",柳林,2020-08-07,95,84
"		192",柳林,2020-08-08,94.4,89
"		192",柳林,2020-08-09,84.6,72
"		192",柳林,2020-08-10,95.3,86
"		192",柳林,2020-08-11,89.8,76
"		192",柳林,2020-08-12,88.6,78
"		192",柳林,2020-08-13,84.5,68
"		192",柳林,2020-08-14,82.5,69
"		192",柳林,2020-08-15,79.4,58
"		192",柳林,2020-08-16,81.5,62
"		192",柳林,2020-08-17,81.3,49
"		192",柳林,2020-08-18,79.5,50
"		192",柳林,2020-08-19,78.5,44
"		192",柳林,2020-08-20,77.4,47
"		192",柳林,2020-08-21,80.8,58
"		192",柳林,2020-08-22,79.1,61
"		192",柳林,2020-08-23,79.5,55
"		192",柳林,2020-08-24,79.1,54
"		192",柳林,2020-08-25,77.8,52
"		192",柳林,2020-08-26,85,63
"		192",柳林,2020-08-27,88.8,75
"		192",柳林,2020-08-28,90.1,76
"		192",柳林,2020-08-29,86.9,66
"		192",柳林,2020-08-30,83.8,58
"		192",柳林,2020-08-31,81.9,67
"		192",柳林,2020-09-01,79.6,63
"		192",柳林,2020-09-02,91,83
"		192",柳林,2020-09-03,66.6,47
"		192",柳林,2020-09-04,81.3,56
"		192",柳林,2020-09-05,92.9,85
"		192",柳林,2020-09-06,89.1,78
"		192",柳林,2020-09-07,81.1,64
"		192",柳林,2020-09-08,79.9,62
"		192",柳林,2020-09-09,85.6,57
"		192",柳林,2020-09-10,82.9,48
"		192",柳林,2020-09-11,88.5,69
"		192",柳林,2020-09-12,82.4,67
"		192",柳林,2020-09-13,86.8,71
"		192",柳林,2020-09-14,83,48
"		192",柳林,2020-09-15,80,53
"		192",柳林,2020-09-16,91.6,83
"		192",柳林,2020-09-17,92.6,69
"		192",柳林,2020-09-18,87.6,68
"		192",柳林,2020-09-19,74.5,38
"		192",柳林,2020-09-20,71.8,31
"		192",柳林,2020-09-21,71.1,33
"		192",柳林,2020-09-22,75.6,52
"		192",柳林,2020-09-23,70.5,62
"		192",柳林,2020-09-24,70.8,57
"		192",柳林,2020-09-25,74.6,55
"		192",柳林,2020-09-26,73.8,47
"		192",柳林,2020-09-27,75.5,46
"		192",柳林,2020-09-28,76,42
"		192",柳林,2020-09-29,78.1,38
"		192",柳林,2020-09-30,72.8,38
"		192",柳林,2020-10-01,75.4,43
"		192",柳林,2020-10-02,82.1,56
"		192",柳林,2020-10-03,77.4,41
"		192",柳林,2020-10-04,82.8,60
"		192",柳林,2020-10-05,52.1,32
"		192",柳林,2020-10-06,62.1,21
"		192",柳林,2020-10-07,60.5,34
"		192",柳林,2020-10-08,57,38
"		192",柳林,2020-10-09,53.1,40
"		192",柳林,2020-10-10,64.4,44
"		192",柳林,2020-10-11,72.8,44
"		192",柳林,2020-10-12,73,38
"		192",柳林,2020-10-13,63.1,21
"		192",柳林,2020-10-14,63.5,30
"		192",柳林,2020-10-15,50.1,8
"		192",柳林,2020-10-16,73.6,53
"		192",柳林,2020-10-17,71.3,38
"		192",柳林,2020-10-18,72,32
"		192",柳林,2020-10-19,69.4,24
"		192",柳林,2020-10-20,68.9,21
"		192",柳林,2020-10-21,85,62
"		192",柳林,2020-10-22,77.6,40
"		192",柳林,2020-10-23,53.1,25
"		192",柳林,2020-10-24,63.5,24
"		192",柳林,2020-10-25,74,29
"		192",柳林,2020-10-26,74,28
"		192",柳林,2020-10-27,73.8,22
"		192",柳林,2020-10-28,80.9,45
"		192",柳林,2020-10-29,65,18
"		192",柳林,2020-10-30,69.1,32
"		192",柳林,2020-10-31,75.4,36
"		192",柳林,2020-11-01,82.9,69
"		192",柳林,2020-11-02,79.6,39
"		192",柳林,2020-11-03,57,27
"		192",柳林,2020-11-04,64.6,16
"		192",柳林,2020-11-05,63.5,30
"		192",柳林,2020-11-06,74.4,58
"		192",柳林,2020-11-07,77.9,48
"		192",柳林,2020-11-08,51,18
"		192",柳林,2020-11-09,42.9,17
"		192",柳林,2020-11-10,56.8,21
"		192",柳林,2020-11-11,63.8,24
"		192",柳林,2020-11-12,72.5,31
"		192",柳林,2020-11-13,74.4,32
"		192",柳林,2020-11-14,82.3,52
"		192",柳林,2020-11-15,79.6,42
"		192",柳林,2020-11-16,73.4,32
"		192",柳林,2020-11-17,77.3,59
"		192",柳林,2020-11-18,86.5,62
"		192",柳林,2020-11-19,84.3,65
"		192",柳林,2020-11-20,71.3,47
"		192",柳林,2020-11-21,70.5,51
"		192",柳林,2020-11-22,80.3,59
"		192",柳林,2020-11-23,59,35
"		192",柳林,2020-11-24,59.8,25
"		192",柳林,2020-11-25,59.6,26
"		192",柳林,2020-11-26,62.5,35
"		192",柳林,2020-11-27,60.3,40
"		192",柳林,2020-11-28,51.3,28
"		192",柳林,2020-11-29,60.9,36
"		192",柳林,2020-11-30,55.9,31
"		192",柳林,2020-12-01,52.4,17
"		192",柳林,2020-12-02,52.4,25
"		192",柳林,2020-12-03,54.5,34
"		192",柳林,2020-12-04,48,18
"		192",柳林,2020-12-05,66.9,33
"		192",柳林,2020-12-06,73.1,37
"		192",柳林,2020-12-07,77.6,45
"		192",柳林,2020-12-08,61.9,38
"		192",柳林,2020-12-09,63,25
"		192",柳林,2020-12-10,61.6,38
"		192",柳林,2020-12-11,73.3,42
"		192",柳林,2020-12-12,53.5,21
"		192",柳林,2020-12-13,56,36
"		192",柳林,2020-12-14,33.8,20
"		192",柳林,2020-12-15,39.5,24
"		192",柳林,2020-12-16,51.4,27
"		192",柳林,2020-12-17,58.8,28
"		192",柳林,2020-12-18,59.3,37
"		192",柳林,2020-12-19,27.3,10
"		192",柳林,2020-12-20,47.4,30
"		192",柳林,2020-12-21,68.4,41
"		192",柳林,2020-12-22,76.3,49
"		192",柳林,2020-12-23,78.4,51
"		192",柳林,2020-12-24,58.3,21
"		192",柳林,2020-12-25,55,30
"		192",柳林,2020-12-26,65.8,29
"		192",柳林,2020-12-27,83,55
"		192",柳林,2020-12-28,94.6,66
"		192",柳林,2020-12-29,87,51
"		192",柳林,2020-12-30,49.9,35
"		192",柳林,2020-12-31,50.9,33
"		192",柳林,2021-01-01,65.3,44
"		192",柳林,2021-01-02,56.5,29
"		192",柳林,2021-01-03,40.9,24
"		192",柳林,2021-01-04,60.5,31
"		192",柳林,2021-01-05,51.9,25
"		192",柳林,2021-01-06,48,34
"		192",柳林,2021-01-07,41.6,26
"		192",柳林,2021-01-08,48,28
"		192",柳林,2021-01-09,52.9,32
"		192",柳林,2021-01-10,66.8,41
"		192",柳林,2021-01-11,69.1,50
"		192",柳林,2021-01-12,66.6,34
"		192",柳林,2021-01-13,67.4,40
"		192",柳林,2021-01-14,69.9,31
"		192",柳林,2021-01-15,74.8,56
"		192",柳林,2021-01-16,48.6,18
"		192",柳林,2021-01-17,38.1,18
"		192",柳林,2021-01-18,60.1,35
"		192",柳林,2021-01-19,44,21
"		192",柳林,2021-01-20,64,27
"		192",柳林,2021-01-21,77.8,48
"		192",柳林,2021-01-22,97.5,90
"		192",柳林,2021-01-23,87.9,68
"		192",柳林,2021-01-24,70.4,52
"		192",柳林,2021-01-25,75.8,40
"		192",柳林,2021-01-26,94.5,83
"		192",柳林,2021-01-27,61.5,21
"		192",柳林,2021-01-28,58.1,23
"		192",柳林,2021-01-29,39.4,25
"		192",柳林,2021-01-30,69.4,47
"		192",柳林,2021-01-31,74.6,38
"		192",柳林,2021-02-01,84.5,60
"		192",柳林,2021-02-02,36,19
"		192",柳林,2021-02-03,56.3,27
"		192",柳林,2021-02-04,50.3,17
"		192",柳林,2021-02-05,52.5,23
"		192",柳林,2021-02-06,70.6,37
"		192",柳林,2021-02-07,65.1,31
"		192",柳林,2021-02-08,28.6,19
"		192",柳林,2021-02-09,46.6,19
"		192",柳林,2021-02-10,57.9,22
"		192",柳林,2021-02-11,67.8,31
"		192",柳林,2021-02-12,63.9,24
"		192",柳林,2021-02-13,57.5,19
"		192",柳林,2021-02-14,76.4,55
"		192",柳林,2021-02-15,66.1,28
"		192",柳林,2021-02-16,57.5,27
"		192",柳林,2021-02-17,40.4,25
"		192",柳林,2021-02-18,47.1,30
"		192",柳林,2021-02-19,57.6,24
"		192",柳林,2021-02-20,61.6,36
"		192",柳林,2021-02-21,58.6,26
"		192",柳林,2021-02-22,55.3,23
"		192",柳林,2021-02-23,29.5,11
"		192",柳林,2021-02-24,40.5,14
"		192",柳林,2021-02-25,77.5,59
"		192",柳林,2021-02-26,67.9,40
"		192",柳林,2021-02-27,58.6,41
"		192",柳林,2021-02-28,77.1,53
"		192",柳林,2021-03-01,95.4,91
"		192",柳林,2021-03-02,76.3,52
"		192",柳林,2021-03-03,71.6,39
"		192",柳林,2021-03-04,90,68
"		192",柳林,2021-03-05,77.5,26
"		192",柳林,2021-03-06,74.8,52
"		192",柳林,2021-03-07,71,51
"		192",柳林,2021-03-08,71.5,32
"		192",柳林,2021-03-09,70,44
"		192",柳林,2021-03-10,63.8,26
"		192",柳林,2021-03-11,71.1,35
"		192",柳林,2021-03-12,90.1,75
"		192",柳林,2021-03-13,75,38
"		192",柳林,2021-03-14,74.1,37
"		192",柳林,2021-03-15,77.4,50
"		192",柳林,2021-03-16,64.5,14
"		192",柳林,2021-03-17,61,18
"		192",柳林,2021-03-18,72.6,40
"		192",柳林,2021-03-19,62.6,36
"		192",柳林,2021-03-20,92.9,59
"		192",柳林,2021-03-21,54.9,28
"		192",柳林,2021-03-22,40.6,23
"		192",柳林,2021-03-23,55.8,25
"		192",柳林,2021-03-24,67.4,39
"		192",柳林,2021-03-25,64.3,27
"		192",柳林,2021-03-26,58.4,18
"		192",柳林,2021-03-27,90.9,71
"		192",柳林,2021-03-28,67.9,50
"		192",柳林,2021-03-29,59.4,30
"		192",柳林,2021-03-30,52.3,21
"		192",柳林,2021-03-31,65,26
"		192",柳林,2021-04-01,53.3,27
"		192",柳林,2021-04-02,56.9,46
"		192",柳林,2021-04-03,91,66
"		192",柳林,2021-04-04,91.1,75
"		192",柳林,2021-04-05,58.9,29
"		192",柳林,2021-04-06,60,21
"		192",柳林,2021-04-07,58.6,22
"		192",柳林,2021-04-08,64.1,24
"		192",柳林,2021-04-09,66,37
"		192",柳林,2021-04-10,67.5,30
"		192",柳林,2021-04-11,58.4,19
"		192",柳林,2021-04-12,88.8,64
"		192",柳林,2021-04-13,62.3,35
"		192",柳林,2021-04-14,44.9,17
"		192",柳林,2021-04-15,58.1,22
"		192",柳林,2021-04-16,73.4,51
"		192",柳林,2021-04-17,55.3,17
"		192",柳林,2021-04-18,52,27
"		192",柳林,2021-04-19,50.1,18
"		192",柳林,2021-04-20,56.6,20
"		192",柳林,2021-04-21,57.1,22
"		192",柳林,2021-04-22,57.9,23
"		192",柳林,2021-04-23,46.1,30
"		192",柳林,2021-04-24,60,36
"		192",柳林,2021-04-25,64.4,40
"		192",柳林,2021-04-26,58.9,35
"		192",柳林,2021-04-27,70.4,46
"		192",柳林,2021-04-28,70.1,36
"		192",柳林,2021-04-29,53.1,18
"		192",柳林,2021-04-30,47.1,20
"		192",柳林,2021-05-01,78.8,46
"		192",柳林,2021-05-02,68.9,37
"		192",柳林,2021-05-03,69.5,36
"		192",柳林,2021-05-04,90.5,79
"		192",柳林,2021-05-05,56.5,15
"		192",柳林,2021-05-06,59.3,26
"		192",柳林,2021-05-07,69,36
"		192",柳林,2021-05-08,60.4,29
"		192",柳林,2021-05-09,50.8,19
"		192",柳林,2021-05-10,55,33
"		192",柳林,2021-05-11,65.8,46
"		192",柳林,2021-05-12,60.1,47
"		192",柳林,2021-05-13,67.4,41
"		192",柳林,2021-05-14,74,45
"		192",柳林,2021-05-15,94.1,82
"		192",柳林,2021-05-16,96.1,92
"		192",柳林,2021-05-17,95.9,89
"		192",柳林,2021-05-18,89.5,59
"		192",柳林,2021-05-19,70.5,27
"		192",柳林,2021-05-20,96.5,92
"		192",柳林,2021-05-21,71.1,48
"		192",柳林,2021-05-22,74.8,47
"		192",柳林,2021-05-23,71.3,44
"		192",柳林,2021-05-24,72.4,47
"		192",柳林,2021-05-25,57,22
"		192",柳林,2021-05-26,61.6,36
"		192",柳林,2021-05-27,77.9,46
"		192",柳林,2021-05-28,75.1,48
"		192",柳林,2021-05-29,73.4,42
"		192",柳林,2021-05-30,67.9,32
"		192",柳林,2021-05-31,69.6,41
"		192",柳林,2021-06-01,66.3,31
"		192",柳林,2021-06-02,72.8,32
"		192",柳林,2021-06-03,96.8,91
"		192",柳林,2021-06-04,69.4,37
"		192",柳林,2021-06-05,79,55
"		192",柳林,2021-06-06,78,55
"		192",柳林,2021-06-07,78.5,56
"		192",柳林,2021-06-08,75.9,41
"		192",柳林,2021-06-09,69.4,35
"		192",柳林,2021-06-10,76.4,45
"		192",柳林,2021-06-11,95.1,87
"		192",柳林,2021-06-12,86.8,68
"		192",柳林,2021-06-13,84.9,62
"		192",柳林,2021-06-14,85,66
"		192",柳林,2021-06-15,93.1,80
"		192",柳林,2021-06-16,82.5,67
"		192",柳林,2021-06-17,81.6,63
"		192",柳林,2021-06-18,92.5,79
"		192",柳林,2021-06-19,74.8,38
"		192",柳林,2021-06-20,78.8,56
"		192",柳林,2021-06-21,68,32
"		192",柳林,2021-06-22,85.1,60
"		192",柳林,2021-06-23,86.3,65
"		192",柳林,2021-06-24,81.3,60
"		192",柳林,2021-06-25,78.5,51
"		192",柳林,2021-06-26,78.1,46
"		192",柳林,2021-06-27,76.9,51
"		192",柳林,2021-06-28,75.3,52
"		192",柳林,2021-06-29,77.3,58
"		192",柳林,2021-06-30,77.5,50
"		",,,,
"	",,,,
"	",,,,
